row,id,code,domain,business_name,province,city,rating,approve_date,expire_date,trustseal_url
1,6740039,CFNUomRzgVq5KMDK4lvHxAmDcbt9LTXa,rozavaa.ir,رزاوا,آذربایجان شرقی,تبریز,1,1405/04/09,1407/04/09,https://trustseal.enamad.ir/?id=6740039&code=CFNUomRzgVq5KMDK4lvHxAmDcbt9LTXa
2,6736843,A059N6DOLVdXtNQV7eLBnb0mVkmQtAuk,client.parsiangroup.com,پشتیبانی توسعه نرم افزاری پارسیان مهر,تهران,تهران,1,1405/04/09,1407/04/09,https://trustseal.enamad.ir/?id=6736843&code=A059N6DOLVdXtNQV7eLBnb0mVkmQtAuk
3,6736775,vFNcAyLPZZ6FDyPj3mtI4KQ8QRfwUeNq,tinamid.ir,گالری تینامید,تهران,تهران,0,1405/04/09,1406/04/09,https://trustseal.enamad.ir/?id=6736775&code=vFNcAyLPZZ6FDyPj3mtI4KQ8QRfwUeNq
4,6736401,NdbvApC56SuTYymZOVX8oXFZPj70aU4m,hominokala.com,هومینو کالا,کردستان,بانه,0,1405/04/09,1406/04/09,https://trustseal.enamad.ir/?id=6736401&code=NdbvApC56SuTYymZOVX8oXFZPj70aU4m
5,6735857,S4SdQmLNlfK1I5stponAdFLxfby7btJK,atlas-erp.ir,اطلس,گیلان,رشت,0,1405/04/09,1406/04/09,https://trustseal.enamad.ir/?id=6735857&code=S4SdQmLNlfK1I5stponAdFLxfby7btJK
6,6733528,tIpkdHCcWabtAKdxmzsS5JUwpWu4MEsb,mazehjoun.ir,مزه جون,تهران,تهران,0,1405/04/09,1406/04/09,https://trustseal.enamad.ir/?id=6733528&code=tIpkdHCcWabtAKdxmzsS5JUwpWu4MEsb
7,6731114,VX41AjjAoCrKKcav24iuENVrcbymWWB5,idealhomenasiri.com,ایده ال هوم نصیری,تهران,تهران,0,1405/04/09,1406/04/09,https://trustseal.enamad.ir/?id=6731114&code=VX41AjjAoCrKKcav24iuENVrcbymWWB5
8,6730825,usC8sI42U49pKhk3fucMFPfulymkpiiD,zxweb.ir,آژانس نرم افزاری زد ایکس وب,اصفهان,خمینی شهر,0,1405/04/09,1406/04/09,https://trustseal.enamad.ir/?id=6730825&code=usC8sI42U49pKhk3fucMFPfulymkpiiD
9,6729788,hjyGtHDiPxjs8yTK42XqankMGLD0zgNW,zaratek.ir,زارا تک,اصفهان,اصفهان,1,1405/04/08,1407/04/08,https://trustseal.enamad.ir/?id=6729788&code=hjyGtHDiPxjs8yTK42XqankMGLD0zgNW
10,6722053,jR1fkztYziqKc9L6Wx62mr3sWw8ODeEe,filecart.ir,فایل کارت,اصفهان,اصفهان,0,1405/04/08,1406/04/08,https://trustseal.enamad.ir/?id=6722053&code=jR1fkztYziqKc9L6Wx62mr3sWw8ODeEe
11,6719758,P8lZg3aH5G5azga6zG6nA3hygoxFl2yl,gadgetology.ir,گجتولوژی,تهران,تهران,0,1405/04/08,1406/04/08,https://trustseal.enamad.ir/?id=6719758&code=P8lZg3aH5G5azga6zG6nA3hygoxFl2yl
12,6710136,5S8SHqB1oX5VGEf85DwsiMxX0M0tceUz,parsseven.ir,پارس سون,خراسان شمالی,بجنورد,0,1405/04/08,1406/04/08,https://trustseal.enamad.ir/?id=6710136&code=5S8SHqB1oX5VGEf85DwsiMxX0M0tceUz
13,6709235,Z3TfPFEV5RS9AQ9gjUlm4QsXalVY8pBa,asoudehsazan.ir,شرکت پیمانکاری ساختمان و ابنیه آسوده سازان روشن,مازندران,بابلسر,1,1405/04/08,1407/04/08,https://trustseal.enamad.ir/?id=6709235&code=Z3TfPFEV5RS9AQ9gjUlm4QsXalVY8pBa
14,6708147,JKPTHXkuffkwRTzTxfoaCcGX2WImMNid,habibi-company.ir,چت بات و ایجنت هوش مصنوعی حبیبی,اصفهان,خمینی شهر,1,1405/04/08,1407/04/08,https://trustseal.enamad.ir/?id=6708147&code=JKPTHXkuffkwRTzTxfoaCcGX2WImMNid
15,6707552,vK7SBsSmbpoHGpxr8Z9zdxyp0oFNpfUs,yadakbahman.ir,یدک بهمن,تهران,تهران,0,1405/04/08,1406/04/08,https://trustseal.enamad.ir/?id=6707552&code=vK7SBsSmbpoHGpxr8Z9zdxyp0oFNpfUs
16,6704883,zUvUaec1NcQzpuMNExf2jTYQt1JNbgpc,terabyteservice.com,ترابایت سرویس,تهران,تهران,1,1405/04/07,1407/04/07,https://trustseal.enamad.ir/?id=6704883&code=zUvUaec1NcQzpuMNExf2jTYQt1JNbgpc
17,6704220,ett9XdkoXOZXFF2kAdjDLP0B5oRgK9ro,bolurijatbahar.ir,بلوریجات بهار,تهران,پاکدشت,0,1405/04/07,1406/04/07,https://trustseal.enamad.ir/?id=6704220&code=ett9XdkoXOZXFF2kAdjDLP0B5oRgK9ro
18,6703625,gKi9TIguFCyMlkqwuLcScCTipmZPN6D3,fityar.io,فیت یار,مازندران,بابل,1,1405/04/09,1407/04/09,https://trustseal.enamad.ir/?id=6703625&code=gKi9TIguFCyMlkqwuLcScCTipmZPN6D3
19,6703557,iXavMp2LffUylb5hLG3grgj7Ri7NAvOo,ninimodd.ir,نی نی مد,تهران,تهران,0,1405/04/07,1406/04/07,https://trustseal.enamad.ir/?id=6703557&code=iXavMp2LffUylb5hLG3grgj7Ri7NAvOo
20,6698712,5gauQQZxJ2OttMRgCgsy234gwGOGDmnv,ioseini.fun,حسین,,,1,1405/04/08,1407/04/08,https://trustseal.enamad.ir/?id=6698712&code=5gauQQZxJ2OttMRgCgsy234gwGOGDmnv
21,6696009,tQ5AfNZ8nCT1x5YXHVmBCzllKdO89pHV,emdademinhosein.ir,امداد ایمن حسین,البرز,کرج,0,1405/04/07,1406/04/07,https://trustseal.enamad.ir/?id=6696009&code=tQ5AfNZ8nCT1x5YXHVmBCzllKdO89pHV
22,6695567,lgA3g8XPgIJfw1j49Swaa2WHMDWzrODk,sandalsahel.ir,صندل ساحل,هرمزگان,بندرلنگه,0,1405/04/07,1406/04/07,https://trustseal.enamad.ir/?id=6695567&code=lgA3g8XPgIJfw1j49Swaa2WHMDWzrODk
23,6693493,SnBFXVsdIOCMY2ueYJ6PZ7yeVOg0H5GT,bezanbahador.ir,بازی بزن بهادر,تهران,تهران,0,1405/04/08,1406/04/08,https://trustseal.enamad.ir/?id=6693493&code=SnBFXVsdIOCMY2ueYJ6PZ7yeVOg0H5GT
24,6692626,JhefUvoH679CGevkBPxPRmWmMigG6tNE,abaaniha.com,آبانی ها,تهران,تهران,0,1405/04/07,1406/04/07,https://trustseal.enamad.ir/?id=6692626&code=JhefUvoH679CGevkBPxPRmWmMigG6tNE
25,6690280,Wtvtw3Ivyhmk9KNij8Zl0cYaBEDX394Q,anoragallery.ir,آنورا گالری,تهران,تهران,0,1405/04/06,1406/04/06,https://trustseal.enamad.ir/?id=6690280&code=Wtvtw3Ivyhmk9KNij8Zl0cYaBEDX394Q
26,6688257,gw8t3VcwsNxykaKt1YiYYjZwagb6EZeS,royaeestore.ir,رویایی استور,تهران,تهران,0,1405/04/06,1406/04/06,https://trustseal.enamad.ir/?id=6688257&code=gw8t3VcwsNxykaKt1YiYYjZwagb6EZeS
27,6686693,WEALJ7oO8EgGVFm9zGpdZobVucWyFP8U,pay.umix.top,یومیکس پی,تهران,تهران,1,1405/04/06,1407/04/06,https://trustseal.enamad.ir/?id=6686693&code=WEALJ7oO8EgGVFm9zGpdZobVucWyFP8U
28,6684279,1E6nnduUk6EA8k8LjQs7NOACCvJape2f,hoshin.ir,هوشین,کرمان,کرمان,1,1402/08/27,1407/04/05,https://trustseal.enamad.ir/?id=6684279&code=1E6nnduUk6EA8k8LjQs7NOACCvJape2f
29,6683650,r6GC0pxiyRGpYo5gvmVjsPlZg3ozXCR3,standarddecor.ir,استاندارد دکور,البرز,کرج,1,1405/04/05,1407/04/05,https://trustseal.enamad.ir/?id=6683650&code=r6GC0pxiyRGpYo5gvmVjsPlZg3ozXCR3
30,6680556,keP1whgDGS2E1DPswliEDYViaKwV9AlQ,bigogem.com,بیگوجم,تهران,شهریار,1,1405/04/04,1407/04/04,https://trustseal.enamad.ir/?id=6680556&code=keP1whgDGS2E1DPswliEDYViaKwV9AlQ
31,6680063,BRpiKE0Hfh0y3pqSKMiaWBGcOqFAY424,ariyan-gallery.ir,آرین گالری,خراسان رضوی,مشهد,0,1405/04/04,1406/04/04,https://trustseal.enamad.ir/?id=6680063&code=BRpiKE0Hfh0y3pqSKMiaWBGcOqFAY424
32,6679570,LoZ691SsOTc9Sl8lR4S7b3XeOweQ1L3o,lorenperfume.com,عطر لورن,تهران,تهران,0,1405/04/04,1406/04/04,https://trustseal.enamad.ir/?id=6679570&code=LoZ691SsOTc9Sl8lR4S7b3XeOweQ1L3o
33,6677717,6fjtpC7dPMmxDNuKCnKMC8ed73ifZ1Ui,panelhamta.site,پنل همتا,فارس,خرامه,0,1405/04/04,1406/04/04,https://trustseal.enamad.ir/?id=6677717&code=6fjtpC7dPMmxDNuKCnKMC8ed73ifZ1Ui
34,6677564,feVt6n04yrqrs6jPMBiHfNw269Op5ntQ,bonakmall.ir,بنکمال,تهران,تهران,0,1405/04/04,1406/04/04,https://trustseal.enamad.ir/?id=6677564&code=feVt6n04yrqrs6jPMBiHfNw269Op5ntQ
35,6675796,3sUFHW8D2HSkpkxNIQyMxaAj82Qb8Kez,ac-pardis.ir,پردیس جامع کاردان,خوزستان,اهواز,0,1405/04/03,1406/04/03,https://trustseal.enamad.ir/?id=6675796&code=3sUFHW8D2HSkpkxNIQyMxaAj82Qb8Kez
36,6672600,EmojNLjrdBVhvHRkazNRF6pjfb7d1ant,lootora.ir,لوتورا,خوزستان,شادگان,0,1405/04/03,1406/04/03,https://trustseal.enamad.ir/?id=6672600&code=EmojNLjrdBVhvHRkazNRF6pjfb7d1ant
37,6672090,FfpCHLcuvUHc6zIPHL9zuhTGGmXb6eZb,yadakirahimi.ir,لوازم یدکی فرمان رحیمی,قم,قم,0,1405/04/03,1406/04/03,https://trustseal.enamad.ir/?id=6672090&code=FfpCHLcuvUHc6zIPHL9zuhTGGmXb6eZb
38,6671971,yt3iavBGI7ZCkP2wy8RTbNVOr6gRF4F3,ferakmode.ir,فراک مد,تهران,پردیس,0,1405/04/03,1406/04/03,https://trustseal.enamad.ir/?id=6671971&code=yt3iavBGI7ZCkP2wy8RTbNVOr6gRF4F3
39,6671308,6bJW8TRAHNpTIzJeIp9Jr9BmtJAkgydp,iranelectropeyk.ir,ایران الکتروپیک,تهران,تهران,1,1405/04/03,1407/04/03,https://trustseal.enamad.ir/?id=6671308&code=6bJW8TRAHNpTIzJeIp9Jr9BmtJAkgydp
40,6670475,VrqMIAuY2J9BWe2gtLGJCKCfDtOFJsjo,novaxcompany.com,نواکس,تهران,تهران,1,1405/04/03,1407/04/03,https://trustseal.enamad.ir/?id=6670475&code=VrqMIAuY2J9BWe2gtLGJCKCfDtOFJsjo
41,6670101,yiCB023DfJ9l3weQPzTjmoHWEABVm1YS,abzar.trade,ابزارترید,آذربایجان غربی,ارومیه,1,1405/04/05,1407/04/05,https://trustseal.enamad.ir/?id=6670101&code=yiCB023DfJ9l3weQPzTjmoHWEABVm1YS
42,6669268,BFCSPnQUrCMglmiGdhfwQpSCBsIMEU5c,nojamarket.com,نوژا مارکت,تهران,شمیرانات,0,1405/04/09,1406/04/09,https://trustseal.enamad.ir/?id=6669268&code=BFCSPnQUrCMglmiGdhfwQpSCBsIMEU5c
43,6667942,RNwRC7N4Q0btxe8dYpEEcw7ZzCSxtqPm,yuccacenter.ir,یوکاسنتر,تهران,تهران,0,1405/04/03,1406/04/03,https://trustseal.enamad.ir/?id=6667942&code=RNwRC7N4Q0btxe8dYpEEcw7ZzCSxtqPm
44,6665358,JYLQ9MVKwTi7wQ46PjW2qwllnEw9ZAeA,ajmanshopp.com,اجمان شاپ,فارس,شیراز,0,1405/04/03,1406/04/03,https://trustseal.enamad.ir/?id=6665358&code=JYLQ9MVKwTi7wQ46PjW2qwllnEw9ZAeA
45,6663539,xN92LdvEG2NomTLGgmrvNai9Il4BGf12,shahrmobliran.com,شهر مبل ایران,اصفهان,اصفهان,0,1405/04/02,1406/04/02,https://trustseal.enamad.ir/?id=6663539&code=xN92LdvEG2NomTLGgmrvNai9Il4BGf12
46,6660105,8Xu6dB5FZUpezuVSou67ymx1Q3FPV3Sa,cakavaknova.ir,چکاوک نوا,فارس,شیراز,0,1405/04/02,1406/04/02,https://trustseal.enamad.ir/?id=6660105&code=8Xu6dB5FZUpezuVSou67ymx1Q3FPV3Sa
47,6659901,ogny1Fb8GDjrpHd9nQBBRwGMa6nRIN3K,atila-platform.ir,پلتفرم آتیلا,تهران,پردیس,1,1405/04/02,1407/04/02,https://trustseal.enamad.ir/?id=6659901&code=ogny1Fb8GDjrpHd9nQBBRwGMa6nRIN3K
48,6658048,ZulPiJfTOEspvD2mnICRgpcMXxjXYDtJ,ninifamily.ir,نی نی فامیلی,تهران,تهران,1,1405/04/02,1407/04/02,https://trustseal.enamad.ir/?id=6658048&code=ZulPiJfTOEspvD2mnICRgpcMXxjXYDtJ
49,6657589,EoyYdlQR4pm57PbdjQkAoSMI6q8GThbx,iranpompkalvandi.ir,ایران پمپ کلوندی,کردستان,قروه,0,1405/04/08,1406/04/08,https://trustseal.enamad.ir/?id=6657589&code=EoyYdlQR4pm57PbdjQkAoSMI6q8GThbx
50,6656807,tzyeTH0yttAkq7GK9unvOv49xlh8Ifyr,scriptvela.ir,اسکریپت ولا,البرز,کرج,1,1405/04/01,1407/04/01,https://trustseal.enamad.ir/?id=6656807&code=tzyeTH0yttAkq7GK9unvOv49xlh8Ifyr
51,6654240,U8v7IokuosSqJfBCyBjV2HoFPGTmn0g1,nexoai.tech,نکسو,تهران,تهران,0,1405/04/01,1406/04/01,https://trustseal.enamad.ir/?id=6654240&code=U8v7IokuosSqJfBCyBjV2HoFPGTmn0g1
52,6651435,rulFNCNIbNcP0uay4sZd47XSpnFNTdXe,nikabeautiy.com,نیکابیوتی,فارس,شیراز,0,1405/04/01,1406/04/01,https://trustseal.enamad.ir/?id=6651435&code=rulFNCNIbNcP0uay4sZd47XSpnFNTdXe
53,6651027,OjSzdMrKUS5PePkHDoaZKr0uwrepfkJf,set-moode.ir,ست مد,همدان,همدان,0,1405/04/01,1406/04/01,https://trustseal.enamad.ir/?id=6651027&code=OjSzdMrKUS5PePkHDoaZKr0uwrepfkJf
54,6642153,TOaXXxfMLDLii0cAhSvsIeV2fGzxCYCA,ro-land.ir,رولند,تهران,تهران,1,1405/03/31,1407/03/31,https://trustseal.enamad.ir/?id=6642153&code=TOaXXxfMLDLii0cAhSvsIeV2fGzxCYCA
55,6642034,C1zHGVrNSDit1ROLtrPEgcgX0R5PRCss,payeshradyab.com,پایش ردیاب,تهران,تهران,1,1405/04/01,1407/04/01,https://trustseal.enamad.ir/?id=6642034&code=C1zHGVrNSDit1ROLtrPEgcgX0R5PRCss
56,6641422,phe7Z7ifHspOoHBKI3AH0qgGpmZnWepD,ava-yadak.ir,اوا یدک,تهران,شهریار,0,1405/03/31,1406/03/31,https://trustseal.enamad.ir/?id=6641422&code=phe7Z7ifHspOoHBKI3AH0qgGpmZnWepD
57,6641218,51ahOSGa4rCN42x9CrF3glOvyWbBhLaa,houshio.ir,هوشیو,تهران,تهران,1,1405/04/02,1407/04/02,https://trustseal.enamad.ir/?id=6641218&code=51ahOSGa4rCN42x9CrF3glOvyWbBhLaa
58,6640147,lbxcoQKgY8muRRCcJxoQ0tPFyvgvxKIc,landio.net,لندیو,تهران,تهران,1,1405/03/31,1407/03/31,https://trustseal.enamad.ir/?id=6640147&code=lbxcoQKgY8muRRCcJxoQ0tPFyvgvxKIc
59,6639535,NEqNrGg1v7mjo77jAzfLkC8Y6BPlzNtl,ayazelectronic.ir,ایاز الکترونیک,آذربایجان شرقی,تبریز,0,1405/03/31,1406/03/31,https://trustseal.enamad.ir/?id=6639535&code=NEqNrGg1v7mjo77jAzfLkC8Y6BPlzNtl
60,6638974,qKgpPc7ie24XYYjKVnjLF24Q1OTAVXpN,omdefrooshi1.ir,عمده فروشی یک,کردستان,کامیاران,0,1405/04/01,1406/04/01,https://trustseal.enamad.ir/?id=6638974&code=qKgpPc7ie24XYYjKVnjLF24Q1OTAVXpN
61,6637869,wpgCQlLLWZXztlC4qoIr0HqUOx33Pncr,virgool-kala.ir,فروشگاه ویرگول,فارس,لارستان,0,1405/03/31,1406/03/31,https://trustseal.enamad.ir/?id=6637869&code=wpgCQlLLWZXztlC4qoIr0HqUOx33Pncr
62,6634367,8pWXmeNrA5wWzJlnYVROYiU3CiAOJXQf,tanixx.ir,تانیکس,گلستان,گرگان,0,1405/03/31,1406/03/31,https://trustseal.enamad.ir/?id=6634367&code=8pWXmeNrA5wWzJlnYVROYiU3CiAOJXQf
63,6631749,hKEMpacEKZrJa2QUChE3pJEHzCQibfCq,saminsoftware.ir,ثمین سافت ور,تهران,تهران,0,1405/04/02,1406/04/02,https://trustseal.enamad.ir/?id=6631749&code=hKEMpacEKZrJa2QUChE3pJEHzCQibfCq
64,6631239,ExDOmczT70XFc8cjJox5gAgoMLF2OczF,afaghshargh.ir,آفاق شرق,تهران,تهران,1,1405/03/15,1407/03/31,https://trustseal.enamad.ir/?id=6631239&code=ExDOmczT70XFc8cjJox5gAgoMLF2OczF
65,6629658,pwMbWmApHzRXFJmb6cNipSj46PgYN5mw,pelekankonkour.ir,پلکان کنکور,تهران,تهران,0,1405/04/03,1406/04/03,https://trustseal.enamad.ir/?id=6629658&code=pwMbWmApHzRXFJmb6cNipSj46PgYN5mw
66,6629318,LsBLb7vhQtBmyqnY1ALrNDKMUgNq6Wpo,lilbelle.ir,فروشگاه لباس زیر زنانه بل,اصفهان,نجف آباد,0,1405/03/31,1406/03/31,https://trustseal.enamad.ir/?id=6629318&code=LsBLb7vhQtBmyqnY1ALrNDKMUgNq6Wpo
67,6621583,jFSdsuW4Ld3Juya37bEYnGtBXc87bdFl,fekrophone.ir,فکروفون,سمنان,سمنان,1,1405/03/31,1407/03/31,https://trustseal.enamad.ir/?id=6621583&code=jFSdsuW4Ld3Juya37bEYnGtBXc87bdFl
68,6620359,CT18xFweegqNWs3lFDT9DUc8tijYnuPM,donyakidsgallery.com,گالری لباس کودک دنیا,,,1,1405/04/08,1407/04/08,https://trustseal.enamad.ir/?id=6620359&code=CT18xFweegqNWs3lFDT9DUc8tijYnuPM
69,6608748,0PmOg22fDUdSJ87UjHRjQDUA2ERtmiKG,soheiltarazo.ir,سهیل ترازو,تهران,رباط کریم,0,1405/03/28,1406/03/28,https://trustseal.enamad.ir/?id=6608748&code=0PmOg22fDUdSJ87UjHRjQDUA2ERtmiKG
70,6605144,qhzqHeoBKIPjVlBoLYxxxgejCV87pzkC,ktryngmatmd.payping.net,کترینگ معتمد,تهران,تهران,0,1405/03/28,1406/03/28,https://trustseal.enamad.ir/?id=6605144&code=qhzqHeoBKIPjVlBoLYxxxgejCV87pzkC
71,6604685,RXdnie2pqgnJbIsGJuoYJHGZ9fPqIkEM,parishine.ir,پری شاین,اصفهان,اصفهان,0,1405/03/28,1406/03/28,https://trustseal.enamad.ir/?id=6604685&code=RXdnie2pqgnJbIsGJuoYJHGZ9fPqIkEM
72,6600333,KOEqjTjUL8zkBwvtYKWFJMNpDwEhOQXY,neginagency.ir,حمیدرضا نظری کرمانی,تهران,تهران,0,1405/03/27,1406/03/27,https://trustseal.enamad.ir/?id=6600333&code=KOEqjTjUL8zkBwvtYKWFJMNpDwEhOQXY
73,6599041,TLJWZXvVxNHJVD2ljhrAPaLI5laTxHCm,pet-king.ir,پت کینگ,همدان,همدان,0,1405/03/27,1406/03/27,https://trustseal.enamad.ir/?id=6599041&code=TLJWZXvVxNHJVD2ljhrAPaLI5laTxHCm
74,6597069,1et4esyriPJaFDJP36nR9fctMwNSiPjQ,m4store.ir,ام فور استور,فارس,شیراز,0,1405/03/27,1406/03/27,https://trustseal.enamad.ir/?id=6597069&code=1et4esyriPJaFDJP36nR9fctMwNSiPjQ
75,6595590,wOnIjiQ4uwMhhYkz4p15ssnAGjI0yhKi,kalaybarghakbari.ir,کالای برق اکبری زمرد,فارس,شیراز,0,1405/03/27,1406/03/27,https://trustseal.enamad.ir/?id=6595590&code=wOnIjiQ4uwMhhYkz4p15ssnAGjI0yhKi
76,6594655,qcQsQ2PhA7O3lznKgVoqAvCASswxsKPZ,barghic.com,برقیک,,,1,1405/04/07,1407/04/07,https://trustseal.enamad.ir/?id=6594655&code=qcQsQ2PhA7O3lznKgVoqAvCASswxsKPZ
77,6594315,cL8HWQvFr5dmhFRo9MXRpUrwQ6fx9rND,lcenj.ir,ال سی ای ان جی,تهران,ری,0,1405/03/29,1406/03/29,https://trustseal.enamad.ir/?id=6594315&code=cL8HWQvFr5dmhFRo9MXRpUrwQ6fx9rND
78,6593397,5kDR7VHmeJarxVnjAFkJF53AiP6FzQxD,genavehomestore.ir,گناوه هوم استور,بوشهر,گناوه,1,1405/03/27,1407/03/27,https://trustseal.enamad.ir/?id=6593397&code=5kDR7VHmeJarxVnjAFkJF53AiP6FzQxD
79,6592122,RjyDdxf5xOVZ4YPacbBK1yTlCf1wXHCR,raelgallery.ir,رائل گالری,خراسان شمالی,اسفراین,0,1405/03/27,1406/03/27,https://trustseal.enamad.ir/?id=6592122&code=RjyDdxf5xOVZ4YPacbBK1yTlCf1wXHCR
80,6588280,F05GlErrSztjWUc2IaaaTcSpIcN5cyxJ,atefeaccess.ir,عاطفه عکس,آذربایجان شرقی,تبریز,0,1405/03/26,1406/03/26,https://trustseal.enamad.ir/?id=6588280&code=F05GlErrSztjWUc2IaaaTcSpIcN5cyxJ
81,6587753,h7nHqVn88oCiGjp0iAdqgOuhYRhEdOZB,shop.zarkhush.ir,فروشگاه زرخوش,تهران,تهران,0,1405/03/26,1406/03/26,https://trustseal.enamad.ir/?id=6587753&code=h7nHqVn88oCiGjp0iAdqgOuhYRhEdOZB
82,6585186,SgEShHwxrHEKO1E0cf7eex1k9puqgOpB,fonunsakht.ir,فنون ساخت,همدان,همدان,1,1405/03/31,1407/03/31,https://trustseal.enamad.ir/?id=6585186&code=SgEShHwxrHEKO1E0cf7eex1k9puqgOpB
83,6584489,SHi2ANKZlLMYEgAYLUVqg9ODnnyqfXeG,datten.ir,داتن,تهران,شمیرانات,0,1405/03/26,1406/03/26,https://trustseal.enamad.ir/?id=6584489&code=SHi2ANKZlLMYEgAYLUVqg9ODnnyqfXeG
84,6581429,IC3pnICr7QwOLpkGaffByyD1AXEQ3iyD,miladgadget.ir,میلاد گجت,کهگیلویه وبویراحمد,باشت,0,1405/03/26,1406/03/26,https://trustseal.enamad.ir/?id=6581429&code=IC3pnICr7QwOLpkGaffByyD1AXEQ3iyD
85,6580851,d7ZqY4bF2oMLlaEPWgiuaBeP2ElU26On,fartardesign.ir,فرتار دیزاین,البرز,کرج,0,1405/03/26,1406/03/26,https://trustseal.enamad.ir/?id=6580851&code=d7ZqY4bF2oMLlaEPWgiuaBeP2ElU26On
86,6580273,KmDbNJbLQ7rfMejZ994cuz10R9DeMDTA,doctorfereshteh.ir,دکتر فرشته,تهران,شمیرانات,1,1405/03/24,1407/03/28,https://trustseal.enamad.ir/?id=6580273&code=KmDbNJbLQ7rfMejZ994cuz10R9DeMDTA
87,6574680,QgbtU2CN2vq95mdaG8zACIveEwu1VoXJ,drnosratikia.ir,به توان,کرمان,سیرجان,1,1405/03/26,1407/03/26,https://trustseal.enamad.ir/?id=6574680&code=QgbtU2CN2vq95mdaG8zACIveEwu1VoXJ
88,6574119,m3ThVUfzB1L9HIemcLunGxL8DyUZKMEA,meowdoll.ir,میودال,کرمانشاه,پاوه,0,1405/03/29,1406/03/29,https://trustseal.enamad.ir/?id=6574119&code=m3ThVUfzB1L9HIemcLunGxL8DyUZKMEA
89,6573439,S7b917Y1FibpaNmNYIim4PdzVAvCbFA4,mobinnet-store.ir,عاملیت فروش محصولات شرکت ارتباطات مبین نت,گیلان,رشت,1,1405/04/02,1407/04/02,https://trustseal.enamad.ir/?id=6573439&code=S7b917Y1FibpaNmNYIim4PdzVAvCbFA4
90,6572487,QtNtVDKitONOxgIHw5HyeRlZulsMqub8,yuta.store,یوتا استور,تهران,تهران,0,1405/03/25,1406/03/25,https://trustseal.enamad.ir/?id=6572487&code=QtNtVDKitONOxgIHw5HyeRlZulsMqub8
